{"cameraMode":{"drawMode":0,"name":"Shaded","section":"Shading Mode"},"sceneLighting":true,"audioPlay":false,"sceneViewState":{"showFog":true,"showMaterialUpdate":false,"showSkybox":true,"showFlares":true,"showImageEffects":true,"showParticleSystems":true},"in2DMode":false,"pivot":{"x":0.017118237912654878,"y":-0.09990829229354859,"z":-0.3469156324863434},"rotation":{"x":0.1180693581700325,"y":0.16395136713981629,"z":-0.019770393148064615,"w":0.9791827201843262},"size":220.26412963867188,"orthographic":true}