{"cameraMode":{"drawMode":0,"name":"Shaded","section":"Shading Mode"},"sceneLighting":true,"audioPlay":false,"sceneViewState":{"showFog":true,"showMaterialUpdate":false,"showSkybox":true,"showFlares":true,"showImageEffects":true,"showParticleSystems":true},"in2DMode":false,"pivot":{"x":0.3106689453125,"y":-0.24700927734375,"z":0.05426025390625},"rotation":{"x":0.1709509640932083,"y":0.4958460032939911,"z":-0.10025670379400253,"w":0.8455021977424622},"size":0.8249697685241699,"orthographic":true}