{"cameraMode":{"drawMode":0,"name":"Shaded","section":"Shading Mode"},"sceneLighting":true,"audioPlay":false,"sceneViewState":{"showFog":true,"showMaterialUpdate":false,"showSkybox":true,"showFlares":true,"showImageEffects":true,"showParticleSystems":true},"in2DMode":false,"pivot":{"x":-0.1866203099489212,"y":0.0716467872262001,"z":-0.4368526041507721},"rotation":{"x":0.02330455556511879,"y":0.23850736021995545,"z":-0.005727232899516821,"w":0.9708501100540161},"size":0.9175280928611755,"orthographic":true}